<CustomObjectDesignV110><version>0</version><globalObjectType>$SurveyCenterQ1</globalObjectType><name>SurveyCenter</name><description>Placeholder for Survey Actions</description><uniqueIdentifier>center_name</uniqueIdentifier><designType>PRIMARY</designType><scalarField><fieldName>center_name</fieldName><fieldNumber>1</fieldNumber><fieldPosition>10</fieldPosition><dataType>TEXT</dataType><detailedDataType>TEXT</detailedDataType><indexed>true</indexed><summaryField>true</summaryField><maxLength>200</maxLength><renderedOnUi>READONLY</renderedOnUi><extendedData><dataKey>TABINDEX</dataKey></extendedData><extendedData><dataKey>TEXTAREAROWS</dataKey></extendedData></scalarField><navFeature><enabled>true</enabled><navHeading>documents</navHeading></navFeature><visibilityType>INSTANCE</visibilityType><roleSecurity><role>Buyer</role><action>create</action></roleSecurity><roleSecurity><role>Buyer</role><action>modify</action></roleSecurity><roleSecurity><role>Seller</role><action>create</action></roleSecurity><roleSecurity><role>Seller</role><action>modify</action></roleSecurity><roleSecurity><role>ObjectCreator</role><action>modify</action></roleSecurity><codSection></codSection><schemaVers>V15_4</schemaVers><apiVersion>310</apiVersion></CustomObjectDesignV110>