<CustomObjectDesignV110><version>0</version><globalObjectType>$SurveyTemplateQ1</globalObjectType><name>SurveyTemplate</name><uniqueIdentifier>title</uniqueIdentifier><designType>PRIMARY</designType><scalarField><fieldName>title</fieldName><fieldNumber>1</fieldNumber><fieldPosition>10</fieldPosition><dataType>TEXT</dataType><detailedDataType>TEXT</detailedDataType><indexed>true</indexed><summaryField>true</summaryField><maxLength>200</maxLength><renderedOnUi>NORMAL</renderedOnUi><extendedData><dataKey>TABINDEX</dataKey></extendedData><extendedData><dataKey>TEXTAREAROWS</dataKey></extendedData></scalarField><scalarField><fieldName>comments</fieldName><fieldNumber>2</fieldNumber><fieldPosition>20</fieldPosition><dataType>TEXT</dataType><detailedDataType>TEXT</detailedDataType><indexed>false</indexed><summaryField>true</summaryField><maxLength>200</maxLength><renderedOnUi>NORMAL</renderedOnUi><extendedData><dataKey>TABINDEX</dataKey></extendedData><extendedData><dataKey>TEXTAREAROWS</dataKey></extendedData></scalarField><scalarField><fieldName>dateCreated</fieldName><fieldNumber>4</fieldNumber><fieldPosition>40</fieldPosition><dataType>DATE</dataType><detailedDataType>DATE</detailedDataType><indexed>false</indexed><summaryField>false</summaryField><maxLength>200</maxLength><renderedOnUi>READONLY</renderedOnUi><extendedData><dataKey>TABINDEX</dataKey></extendedData><extendedData><dataKey>TEXTAREAROWS</dataKey></extendedData></scalarField><scalarField><fieldName>state</fieldName><fieldNumber>5</fieldNumber><fieldPosition>50</fieldPosition><dataType>TEXT</dataType><detailedDataType>TEXT</detailedDataType><indexed>true</indexed><summaryField>true</summaryField><maxLength>200</maxLength><renderedOnUi>READONLY</renderedOnUi><extendedData><dataKey>TABINDEX</dataKey></extendedData><extendedData><dataKey>TEXTAREAROWS</dataKey></extendedData></scalarField><linkField><fieldName>questionList</fieldName><fieldNumber>1</fieldNumber><fieldPosition>30</fieldPosition><linkToDesign>Question</linkToDesign><renderedOnUi>NORMAL</renderedOnUi><isCollection>true</isCollection></linkField><eventField><fieldName>start</fieldName><fieldNumber>1</fieldNumber><fieldPosition>10</fieldPosition><eventType>CREATEEVENT</eventType><functionName>fnOnStart</functionName></eventField><workflowFeature><enabled>true</enabled><businessStatusField>state</businessStatusField><workflow><name>$$SurveyTemplateQ1CodWorkflowDesign</name><initialStatus>incomplete</initialStatus><step><editRoles>ObjectCreator</editRoles><state>incomplete</state><systemDelete>false</systemDelete></step><step><editRoles>ObjectCreator</editRoles><state>complete</state><systemDelete>false</systemDelete></step><transition><fromState>incomplete</fromState><toState>complete</toState><action>finalize</action><roles>ObjectCreator</roles></transition><transition><fromState>complete</fromState><toState>incomplete</toState><action>reopen</action><roles>ObjectCreator</roles></transition></workflow></workflowFeature><scriptingFeature><enabled>true</enabled><mimeType>text/javascript</mimeType><description>surveyTemplateScript.js</description><fileName>ScriptDesign_$SurveyTemplateQ1.js</fileName></scriptingFeature><navFeature><enabled>true</enabled><navHeading>documents</navHeading></navFeature><visibilityType>INSTANCE</visibilityType><roleSecurity><role>Buyer</role><action>create</action></roleSecurity><roleSecurity><role>Seller</role><action>create</action></roleSecurity><roleSecurity><role>ObjectCreator</role><action>modify</action></roleSecurity><roleSecurity><role>Buyer</role><action>modify</action></roleSecurity><roleSecurity><role>Seller</role><action>modify</action></roleSecurity><codSection></codSection><schemaVers>V15_4</schemaVers><apiVersion>310</apiVersion></CustomObjectDesignV110>