<CustomObjectDesignV110><version>0</version><globalObjectType>$ResponseQ1</globalObjectType><name>Response</name><designType>SUPPORTING</designType><scalarField><fieldName>questionID</fieldName><fieldNumber>1</fieldNumber><fieldPosition>10</fieldPosition><dataType>TEXT</dataType><detailedDataType>TEXT</detailedDataType><indexed>true</indexed><summaryField>false</summaryField><maxLength>200</maxLength><renderedOnUi>NORMAL</renderedOnUi><extendedData><dataKey>TABINDEX</dataKey></extendedData><extendedData><dataKey>TEXTAREAROWS</dataKey></extendedData></scalarField><scalarField><fieldName>responseText</fieldName><fieldNumber>2</fieldNumber><fieldPosition>20</fieldPosition><dataType>TEXT</dataType><detailedDataType>TEXT</detailedDataType><indexed>true</indexed><summaryField>true</summaryField><maxLength>200</maxLength><renderedOnUi>NORMAL</renderedOnUi><extendedData><dataKey>TABINDEX</dataKey></extendedData><extendedData><dataKey>TEXTAREAROWS</dataKey></extendedData></scalarField><scalarField><fieldName>questionText</fieldName><fieldNumber>3</fieldNumber><fieldPosition>30</fieldPosition><dataType>TEXT</dataType><detailedDataType>TEXT</detailedDataType><indexed>false</indexed><summaryField>false</summaryField><maxLength>200</maxLength><renderedOnUi>READONLY</renderedOnUi><extendedData><dataKey>TABINDEX</dataKey></extendedData><extendedData><dataKey>TEXTAREAROWS</dataKey></extendedData></scalarField><scalarField><fieldName>questionType</fieldName><fieldNumber>4</fieldNumber><fieldPosition>40</fieldPosition><dataType>TEXT</dataType><detailedDataType>PICKLIST</detailedDataType><indexed>true</indexed><summaryField>false</summaryField><maxLength>200</maxLength><renderedOnUi>READONLY</renderedOnUi><extendedData><dataKey>PICKLIST</dataKey><stringValue>questionTypes</stringValue></extendedData><extendedData><dataKey>TABINDEX</dataKey></extendedData><extendedData><dataKey>TEXTAREAROWS</dataKey></extendedData></scalarField><linkField><fieldName>answerOptions</fieldName><fieldNumber>1</fieldNumber><fieldPosition>50</fieldPosition><linkToDesign>Answer</linkToDesign><renderedOnUi>NORMAL</renderedOnUi><isCollection>true</isCollection></linkField><codSection></codSection><schemaVers>V15_4</schemaVers></CustomObjectDesignV110>