<CustomObjectDesignV110><version>0</version><globalObjectType>$SurveyQ1</globalObjectType><name>Survey</name><uniqueIdentifier>name</uniqueIdentifier><designType>PRIMARY</designType><scalarField><fieldName>name</fieldName><fieldNumber>1</fieldNumber><fieldPosition>10</fieldPosition><dataType>TEXT</dataType><detailedDataType>TEXT</detailedDataType><indexed>true</indexed><summaryField>true</summaryField><maxLength>200</maxLength><renderedOnUi>NORMAL</renderedOnUi><extendedData><dataKey>TABINDEX</dataKey></extendedData><extendedData><dataKey>TEXTAREAROWS</dataKey></extendedData></scalarField><scalarField><fieldName>dateAssigned</fieldName><fieldNumber>2</fieldNumber><fieldPosition>20</fieldPosition><dataType>DATE</dataType><detailedDataType>DATE</detailedDataType><indexed>false</indexed><summaryField>false</summaryField><maxLength>200</maxLength><renderedOnUi>READONLY</renderedOnUi><extendedData><dataKey>TABINDEX</dataKey></extendedData><extendedData><dataKey>TEXTAREAROWS</dataKey></extendedData></scalarField><scalarField><fieldName>dateCompleted</fieldName><fieldNumber>3</fieldNumber><fieldPosition>30</fieldPosition><dataType>DATE</dataType><detailedDataType>DATE</detailedDataType><indexed>false</indexed><summaryField>false</summaryField><maxLength>200</maxLength><renderedOnUi>READONLY</renderedOnUi><extendedData><dataKey>TABINDEX</dataKey></extendedData><extendedData><dataKey>TEXTAREAROWS</dataKey></extendedData></scalarField><scalarField><fieldName>surveyID</fieldName><fieldNumber>4</fieldNumber><fieldPosition>50</fieldPosition><dataType>NUMBER</dataType><detailedDataType>INTEGER</detailedDataType><indexed>true</indexed><summaryField>false</summaryField><maxLength>200</maxLength><renderedOnUi>READONLY</renderedOnUi><extendedData><dataKey>TABINDEX</dataKey></extendedData><extendedData><dataKey>TEXTAREAROWS</dataKey></extendedData></scalarField><scalarField><fieldName>assignee</fieldName><fieldNumber>5</fieldNumber><fieldPosition>60</fieldPosition><dataType>COMPLEX</dataType><detailedDataType>PARTY</detailedDataType><indexed>true</indexed><summaryField>true</summaryField><maxLength>200</maxLength><renderedOnUi>NORMAL</renderedOnUi><extendedData><dataKey>ROLE</dataKey><stringValue>Seller</stringValue></extendedData><extendedData><dataKey>TABINDEX</dataKey></extendedData><extendedData><dataKey>TEXTAREAROWS</dataKey></extendedData></scalarField><scalarField><fieldName>state</fieldName><fieldNumber>6</fieldNumber><fieldPosition>70</fieldPosition><dataType>TEXT</dataType><detailedDataType>TEXT</detailedDataType><indexed>true</indexed><summaryField>true</summaryField><maxLength>200</maxLength><renderedOnUi>READONLY</renderedOnUi><extendedData><dataKey>TABINDEX</dataKey></extendedData><extendedData><dataKey>TEXTAREAROWS</dataKey></extendedData></scalarField><linkField><fieldName>responseList</fieldName><fieldNumber>1</fieldNumber><fieldPosition>40</fieldPosition><linkToDesign>Response</linkToDesign><renderedOnUi>NORMAL</renderedOnUi><isCollection>true</isCollection></linkField><eventField><fieldName>fnOnStart</fieldName><fieldNumber>1</fieldNumber><description>1</description><fieldPosition>10</fieldPosition><eventType>CREATEEVENT</eventType><functionName>fnOnStart</functionName></eventField><workflowFeature><enabled>true</enabled><businessStatusField>state</businessStatusField><workflow><name>$$SurveyQ1CodWorkflowDesign</name><initialStatus>assigned</initialStatus><step><editRoles>Seller</editRoles><state>assigned</state><taskedAction>submit</taskedAction><systemDelete>false</systemDelete></step><step><state>completed</state><systemDelete>false</systemDelete></step><step><editRoles>ObjectCreator,Seller</editRoles><state>initial</state><systemDelete>false</systemDelete></step><transition><fromState>assigned</fromState><toState>completed</toState><action>submit</action><roles>Seller</roles><postTransitionFn>fnOnComplete</postTransitionFn></transition><transition><fromState>completed</fromState><toState>assigned</toState><action>unsubmit</action><roles>Seller,ObjectCreator</roles><postTransitionFn>fnOnReopen</postTransitionFn></transition><transition><fromState>initial</fromState><toState>assigned</toState><action>assign</action><roles>Seller,ObjectCreator</roles></transition></workflow></workflowFeature><scriptingFeature><enabled>true</enabled><mimeType>text/javascript</mimeType><description>surveyScript.js</description><fileName>ScriptDesign_$SurveyQ1.js</fileName></scriptingFeature><reportingFeature><enabled>true</enabled></reportingFeature><navFeature><enabled>true</enabled><navHeading>documents</navHeading></navFeature><visibilityType>INSTANCE</visibilityType><roleSecurity><role>Buyer</role><action>create</action></roleSecurity><roleSecurity><role>Seller</role><action>create</action></roleSecurity><roleSecurity><role>Seller</role><action>modify</action></roleSecurity><roleSecurity><role>ObjectCreator</role><action>modify</action></roleSecurity><codSection></codSection><schemaVers>V15_4</schemaVers><apiVersion>310</apiVersion></CustomObjectDesignV110>