<PlatformModule><__metadata><apiVersion>400</apiVersion><type>PlatformModule</type><uid>134351599</uid><createTimestamp>2015-08-05 21:34:17.352</createTimestamp><modifyTimestamp>2015-10-20 21:08:31.383</modifyTimestamp><status>Active</status><fingerprint>e6c4d4db5b06e99f91f222cdcf42daa9</fingerprint><self>https://commerce-rctq.qa.gtnexus.com/rest/400/PlatformModule/134351599</self></__metadata><moduleId>134351599</moduleId><createTimestamp>2015-08-05 21:34:17.352</createTimestamp><modifyTimestamp>2015-10-20 21:08:31.383</modifyTimestamp><authorId>5717989018004281</authorId><authorType>TradeCustomer</authorType><ownerId>5717989018004281</ownerId><ownerType>TradeCustomer</ownerType><name>AppXDeepDive</name><description>AppX example for developer site</description><customUiConfiguration><globalObjectType>$SurveyCenterQ1</globalObjectType><directoryName>$SurveyCenterQ1</directoryName><uiType>CUSTOM</uiType></customUiConfiguration><customUiConfiguration><globalObjectType>$SurveyQ1</globalObjectType><directoryName>$SurveyQ1</directoryName><uiType>CUSTOM</uiType></customUiConfiguration><customUiConfiguration><globalObjectType>$SurveyTemplateQ1</globalObjectType><directoryName>$SurveyTemplateQ1</directoryName><uiType>CUSTOM</uiType></customUiConfiguration><userVersion>1.0</userVersion></PlatformModule>