<PlatformModule><__metadata><apiVersion>400</apiVersion><type>PlatformModule</type><uid>147091513</uid><createTimestamp>2015-09-29 20:51:03.883</createTimestamp><modifyTimestamp>2016-05-23 20:34:29.101</modifyTimestamp><status>Active</status><fingerprint>ca9036de28cc0d1f226f0b2416947f33</fingerprint><self>https://commerce-supportq.qa.gtnexus.com/rest/400/PlatformModule/147091513</self></__metadata><moduleId>147091513</moduleId><createTimestamp>2015-09-29 20:51:03.883</createTimestamp><modifyTimestamp>2016-05-23 20:34:29.101</modifyTimestamp><authorId>5717989018004281</authorId><authorType>TradeCustomer</authorType><ownerId>5717989018004281</ownerId><ownerType>TradeCustomer</ownerType><name>AppXDeepDive</name><description>AppX example for developer site</description><customUiConfiguration><globalObjectType>$SurveyCenterQ1</globalObjectType><directoryName>$SurveyCenterQ1</directoryName><uiType>CUSTOM</uiType></customUiConfiguration><customUiConfiguration><globalObjectType>$SurveyQ1</globalObjectType><directoryName>$SurveyQ1</directoryName><uiType>CUSTOM</uiType></customUiConfiguration><customUiConfiguration><globalObjectType>$SurveyTemplateQ1</globalObjectType><directoryName>$SurveyTemplateQ1</directoryName><uiType>CUSTOM</uiType></customUiConfiguration><userVersion>1.0</userVersion></PlatformModule>