<CUSTOMLINKD1><__metadata><apiVersion>400</apiVersion><type>$CustomLinkD1</type><uid>170784887</uid><createTimestamp>2016-05-23 15:38:00.637</createTimestamp><modifyTimestamp>2016-05-23 20:34:28.688</modifyTimestamp><status>Active</status><userModRev>33</userModRev><creatorId>5717989018004281</creatorId><fingerprint>5094de278cf62179521a4fb3a0a9bbde</fingerprint><redirectUrl>https://commerce-supportq.qa.gtnexus.com/en/trade/CustomObject?key=170784887</redirectUrl><self>https://commerce-supportq.qa.gtnexus.com/rest/400/$CustomLinkD1/170784887</self></__metadata><type>$CustomLinkD1</type><uid>170784887</uid><customLinkId>170817467</customLinkId><platformModuleId>147091513</platformModuleId><platformModuleType>PlatformModule</platformModuleType><name>surveyMachineApp</name><url>trade/CustomObject?globalObjectType=$SurveyCenterQ1</url><status>Active</status><localizationKey>$CustomLink/surveyMachineApp</localizationKey><linkType>Internal</linkType><location>NavHeading_process</location><fingerprint>5094de278cf62179521a4fb3a0a9bbde</fingerprint></CUSTOMLINKD1>