<TYPEEXTENSIOND1><__metadata><apiVersion>400</apiVersion><type>$TypeExtensionD1</type><uid>151737674</uid><createTimestamp>2015-12-03 00:47:21.282</createTimestamp><modifyTimestamp>2016-05-23 20:34:28.668</modifyTimestamp><status>Active</status><userModRev>59</userModRev><creatorId>5717989018004281</creatorId><fingerprint>6cb5e9b37a79dc9cabcebbb297bc4177</fingerprint><redirectUrl>https://commerce-supportq.qa.gtnexus.com/en/trade/CustomObject?key=151737674</redirectUrl><self>https://commerce-supportq.qa.gtnexus.com/rest/400/$TypeExtensionD1/151737674</self></__metadata><type>$TypeExtensionD1</type><uid>151737674</uid><platformModuleId>147091513</platformModuleId><platformModuleType>PlatformModule</platformModuleType><documentType>PurchaseOrder</documentType><apiVersion>310</apiVersion><status>Active</status><rank>20</rank><callbacks><uid>170817624</uid><event>onSave</event><role>Buyer</role><functionName>onSave</functionName></callbacks><callbacks><uid>170817625</uid><event>onValidate</event><role>Buyer</role><functionName>onValidate</functionName></callbacks><callbacks><uid>170817626</uid><event>onActivate</event><role>Buyer</role><functionName>onActivate</functionName></callbacks><callbacks><uid>170817627</uid><event>onClose</event><role>Buyer</role><functionName>onClose</functionName></callbacks><callbacks><uid>170817628</uid><event>onCancel</event><role>Buyer</role><functionName>onCancel</functionName></callbacks><fingerprint>6cb5e9b37a79dc9cabcebbb297bc4177</fingerprint></TYPEEXTENSIOND1>