<CustomObjectDesignV110><version>0</version><globalObjectType>$QuestionQ2</globalObjectType><name>Question</name><designType>SUPPORTING</designType><scalarField><fieldName>questionText</fieldName><fieldNumber>1</fieldNumber><fieldPosition>10</fieldPosition><dataType>TEXT</dataType><detailedDataType>TEXT</detailedDataType><indexed>false</indexed><summaryField>false</summaryField><maxLength>200</maxLength><renderedOnUi>NORMAL</renderedOnUi><extendedData><dataKey>TABINDEX</dataKey></extendedData><extendedData><dataKey>TEXTAREAROWS</dataKey></extendedData></scalarField><scalarField><fieldName>questionType</fieldName><fieldNumber>2</fieldNumber><fieldPosition>20</fieldPosition><dataType>TEXT</dataType><detailedDataType>PICKLIST</detailedDataType><indexed>true</indexed><summaryField>true</summaryField><maxLength>200</maxLength><renderedOnUi>NORMAL</renderedOnUi><extendedData><dataKey>PICKLIST</dataKey><stringValue>questionTypes</stringValue></extendedData><extendedData><dataKey>TABINDEX</dataKey></extendedData><extendedData><dataKey>TEXTAREAROWS</dataKey></extendedData></scalarField><linkField><fieldName>answerOptions</fieldName><fieldNumber>1</fieldNumber><fieldPosition>30</fieldPosition><linkToDesign>Answer</linkToDesign><renderedOnUi>NORMAL</renderedOnUi><isCollection>true</isCollection></linkField><codSection></codSection><schemaVers>V15_4</schemaVers></CustomObjectDesignV110>