<CustomObjectDesignV110><version>0</version><globalObjectType>$AnswerQ2</globalObjectType><name>Answer</name><designType>SUPPORTING</designType><scalarField><fieldName>answerText</fieldName><fieldNumber>1</fieldNumber><fieldPosition>10</fieldPosition><dataType>TEXT</dataType><detailedDataType>TEXT</detailedDataType><indexed>true</indexed><summaryField>true</summaryField><maxLength>200</maxLength><renderedOnUi>NORMAL</renderedOnUi><extendedData><dataKey>TABINDEX</dataKey></extendedData><extendedData><dataKey>TEXTAREAROWS</dataKey></extendedData></scalarField><codSection></codSection><schemaVers>V15_4</schemaVers></CustomObjectDesignV110>